cluster,query,mechanic_intent,search_intent,freshness_requirement,observed_serp,demand_evidence,current_target_url,proposed_target_url,page_type,unique_value,mismatch_risk,confidence,decision,reason
brand,pokesort,mixed,navigate/play,medium,"pokesort.com 4x4; Pokelike Daily also uses the name",live SERP,/,/,game,"playable 4x4 board plus route to entity guide",high,medium,IMPROVE,"lead with 4x4 mechanic and disambiguate"
brand,pokesort game,mixed,play,medium,"4x4 competitor plus Pokelike parent game",live SERP,/,/,game,"daily 4x4 board",high,medium,IMPROVE,"qualify as 4x4 and link six-link guide"
brand,play pokesort,mixed,play,medium,"multiple playable meanings",live SERP,/,/,game,"immediate 4x4 play",high,medium,IMPROVE,"home meets one task and routes the other"
brand,pokemon pokesort,mixed,play/learn,medium,"4x4 and Pokelike meanings",live SERP,/,/,game,"clear mechanic split",high,medium,IMPROVE,"disambiguate"
pokelike,pokelike pokesort,6-link-sequence,navigate/learn,high,"official Pokelike Daily entry; guide and Reddit",official site + live SERP,,/pokelike-pokesort/,guide-tool,"parent/subgame explanation plus local worksheet",low,high,BUILD,"direct entity and mechanic fit"
pokelike,what is pokesort,mixed,learn,medium,"official Pokelike entry and current FAQ",official site + live guide,,/pokelike-pokesort/,guide-tool,"defines both meanings and relationship",low,high,BUILD,"guide answers entity ambiguity"
pokelike,how to play pokelike pokesort,6-link-sequence,learn,medium,"official description and community solving threads",official + Reddit,,/pokelike-pokesort/,guide-tool,"five-link method and worksheet",low,high,BUILD,"evergreen sourced task"
pokelike,pokelike pokesort rules,6-link-sequence,learn,medium,"current guide and community rules",live SERP,,/pokelike-pokesort/,guide-tool,"relation-family table and limitations",low,high,BUILD,"evergreen sourced task"
pokelike,pokesort 6 pokemon,6-link-sequence,learn,medium,"official six-Pokemon description",official site,,/pokelike-pokesort/,guide-tool,"exact mechanic explanation",low,high,BUILD,"exact modifier"
daily,pokesort daily,mixed,play/answer,high,"Pokelike answer results plus 4x4 competitor",live SERP,/,/,game,"4x4 daily with explicit route to Pokelike guide",high,high,IMPROVE,"do not claim the 4x4 board answers Pokelike"
daily,daily pokesort,mixed,play/answer,high,"sequence community and grouping results",live SERP,/,/,game,"mechanic disambiguation",high,high,IMPROVE,"route by modifier"
mode,pokesort infinite,mixed,play,low,"4x4 and sequence products expose Infinite or Unlimited",live SERP,/?mode=infinite,/infinite/,game,"canonical 4x4 unlimited mode",medium,medium,BUILD,"distinct product task"
mode,pokesort unlimited,mixed,play,low,"multiple products expose unlimited",live SERP,/?mode=infinite,/infinite/,game,"repeatable 4x4 practice",medium,medium,BUILD,"copy states finite pack library"
archive,pokesort archive,4x4-grouping,navigate/play,high,"pokesort.com exposes Archive",competitor navigation,/archive/,/archive/,archive,"crawlable rolling date boards",low,high,IMPROVE,"direct 4x4 archive intent"
archive,previous pokesort puzzles,4x4-grouping,play,high,"archive-style intent",SERP pattern,/archive/,/archive/,archive,"stable deterministic boards",medium,medium,IMPROVE,"preserve 30-day window"
rules,how to play pokesort,mixed,learn,low,"Pokelike six-link and 4x4 rule pages",live SERP,/how-to-play/,/how-to-play/,guide,"4x4 one-away explanation plus disambiguation",high,high,IMPROVE,"dedicated Pokelike guide handles six-link"
rules,pokesort rules,mixed,learn,low,"mixed mechanics",live SERP,/how-to-play/,/how-to-play/,guide,"4x4 site rules and cross-link",high,medium,IMPROVE,"route by page label"
rules,pokesort tips,6-link-sequence,learn,medium,"r/Pokelike tips and dated hints",live Reddit,,/pokelike-pokesort/,guide-tool,"spoiler-free six-link workflow",low,high,BUILD,"current evidence leans Pokelike"
rules,pokesort strategy,mixed,learn,medium,"sequence guides and grouping communities",live SERP,/how-to-play/,/pokelike-pokesort/,guide-tool,"six-link worksheet; 4x4 guide remains separate",medium,medium,HOLD,"use GSC modifiers to split future optimization"
rules,pokesort one away,4x4-grouping,learn,low,"Connections terminology",community language,/how-to-play/,/how-to-play/,guide,"exact three-of-four definition",low,medium,IMPROVE,"clear 4x4 task"
rules,pokesort categories,mixed,reference,medium,"Pokelike attributes and 4x4 reference pages",live SERP,,/categories/,reference,"actual shipped 4x4 taxonomy",high,medium,BUILD,"label 4x4 category reference"
generic,pokemon connections game,generic-pokemon-connections,play,medium,"several playable 4x4 products",live SERP,/,/,game,"4x4 daily play",medium,high,IMPROVE,"competitive but aligned"
generic,pokemon connections puzzle,generic-pokemon-connections,play,medium,"4x4 products",live SERP,/,/,game,"exact Pokedex groups",medium,high,IMPROVE,"aligned generic cluster"
generic,daily pokemon connections,generic-pokemon-connections,play,high,"daily 4x4 products",live SERP,/,/,game,"UTC daily board",medium,high,IMPROVE,"aligned"
generic,pokemon grouping game,4x4-grouping,play,low,"4x4 products",live SERP,/,/,game,"four groups of four",low,medium,IMPROVE,"mechanic fit"
generic,pokemon sorting game,mixed,play,low,"sorting means order or grouping",live SERP,/,/,game,"explicit disambiguation",high,medium,HOLD,"observe query-page match"
generic,daily pokemon puzzle,generic-pokemon-connections,play,high,"many puzzle types",live SERP,/,/,game,"one playable format",medium,medium,HOLD,"too broad for expansion"
tool,pokesort solver,6-link-sequence,tool,medium,"sh0gg/pokersort-solver is a working six-Pokemon competitor",GitHub + live SERP,,/pokelike-pokesort/solver/,tool,"complete relation engine and valid orders",high,high,HOLD,"build only after complete sourceable data; worksheet is not solver"
tool,pokemon connections solver,generic-pokemon-connections,tool,medium,"fragmented results",live SERP,,,tool,"possible-group explanations",medium,low,HOLD,"not technically ready"
tool,pokemon group solver,unclear,tool,medium,"generic solver noise",live SERP,,,tool,"none yet",high,low,DO_NOT_TARGET,"unclear intent"
alternatives,pokesort alternative,mixed,compare/play,medium,"grouping and sequence products",live SERP,/pokesort-alternative/,/pokesort-alternative/,comparison,"named mechanic comparison",high,medium,HOLD,"preserve noindex until hands-on comparisons are complete"
alternatives,games like pokesort,mixed,compare,medium,"could mean Pokelike sequence or grouping",live SERP,/pokesort-alternative/,/pokesort-alternative/,comparison,"explain both meanings",high,medium,HOLD,"evidence gate"
validation,pokesort answer today,6-link-sequence,answer,very high,"live Pokelike guide answer and Reddit threads",live guide + Reddit,,/pokelike-pokesort/today/,answer,"verified six names order and five link explanations",medium,high,HOLD,"relevant query; daily data gate not met"
validation,pokesort solution today,6-link-sequence,answer,very high,"same Pokelike intent pattern",live SERP,,/pokelike-pokesort/today/,answer,"same canonical daily task",medium,high,HOLD,"merge with Today page after data gate"
validation,pokesort hint today,6-link-sequence,answer,very high,"dated r/Pokelike hint threads",live Reddit,,/pokelike-pokesort/today/,answer,"progressive spoiler-controlled hints",medium,high,HOLD,"relevant but volatile"
validation,today pokesort answer,6-link-sequence,answer,very high,"live guide and sequence-community wording",live guide + Reddit,,/pokelike-pokesort/today/,answer,"same canonical daily task",medium,high,HOLD,"merge after data gate"
validation,pokelike pokesort answer,6-link-sequence,answer,very high,"explicit parent/subgame query",official + live guide,,/pokelike-pokesort/today/,answer,"verified daily answer and reasons",low,high,HOLD,"correct product; data gate required"
validation,pokelike pokesort hint,6-link-sequence,answer,very high,"explicit Pokelike community query",live Reddit,,/pokelike-pokesort/today/,answer,"progressive hints without forced spoilers",low,high,HOLD,"correct product; data gate required"
